insert into Erreur VALUES(1, '00056', 'DDL lock on object ''string.string'' is already held in an incompatible mode', sysdate, '', '');
insert into Erreur VALUES(2, '00057', 'maximum number of temporary table locks exceeded', sysdate, '', '');
insert into Erreur VALUES(3, '00058', 'DB_BLOCK_SIZE must be string to mount this database (not string)', sysdate, '', '');
insert into Erreur VALUES(4, '00059', 'maximum number of DB_FILES exceeded', sysdate, '', '');
insert into Erreur VALUES(5, '00060', 'deadlock detected while waiting for resource', sysdate, '', '');
insert into Erreur VALUES(6, '00061', 'another instance has a different DML_LOCKS setting', sysdate, '', '');
insert into Erreur VALUES(7, '00062', 'DML full-table lock cannot be acquired; DML_LOCKS is 0', sysdate, '', '');
insert into Erreur VALUES(8, '00063', 'maximum number of log files exceeded string', sysdate, '', '');
insert into Erreur VALUES(9, '00064', 'object is too large to allocate on this O/S (string,string)', sysdate, '', '');
insert into Erreur VALUES(10, '00065', 'initialization of FIXED_DATE failed', sysdate, '', '');

insert into Movies VALUES(1, "1", 'retour vers le futur 1', 'blablabla plein de trucs', '4,1', sysdate, 'http://www.trailer.com/1', '1', '157', '1.jpg', '');
insert into Movies VALUES(2, "2", 'retour vers le futur 2', 'blablabla plein de trucs', '2,1', sysdate, 'http://www.trailer.com/2', '1', '521', '2.jpg', '');
insert into Movies VALUES(3, "3", 'retour vers le futur 3', 'blablabla plein de trucs', '4,3', sysdate, 'http://www.trailer.com/3', '1', '412', '3.jpg', '');
insert into Movies VALUES(4, "4", 'Taken 2', 'blablabla plein de trucs', '0,7', sysdate, 'http://www.trailer.com/4', '1', '324', '4.jpg', '');
insert into Movies VALUES(5, "5", 'Resident Evil 1', 'blablabla plein de trucs', '2,8', sysdate, 'http://www.trailer.com/5', '1', '257', '5.jpg', '');
insert into Movies VALUES(6, "6", 'Resident Evil 2', 'blablabla plein de trucs', '1,7', sysdate, 'http://www.trailer.com/6', '1', '147', '6.jpg', '');
insert into Movies VALUES(7, "7", 'Resident Evil 3', 'blablabla plein de trucs', '3,8', sysdate, 'http://www.trailer.com/7', '1', '258', '7.jpg', '');
insert into Movies VALUES(8, "8", 'Resident Evil 4', 'blablabla plein de trucs', '4,8', sysdate, 'http://www.trailer.com/8', '1', '147', '8.jpg', '');
insert into Movies VALUES(9, "9", 'Le seigneurs des anneaux, la communauté de l''anneau', 'blablabla plein de trucs', '3,8', sysdate, 'http://www.trailer.com/9', '1', '159', '9.jpg', '');
insert into Movies VALUES(10, "10", 'Le seigneurs des anneaux, les deux tours', 'blablabla plein de trucs', '4,8', sysdate, 'http://www.trailer.com/10', '1', '357', '10.jpg', '');

insert into Copies VALUES(1, 1, 1);
insert into Copies VALUES(2, 1, 2);
insert into Copies VALUES(3, 0, 3);
insert into Copies VALUES(4, 1, 4);
insert into Copies VALUES(5, 1, 5);
insert into Copies VALUES(6, 0, 6);
insert into Copies VALUES(7, 1, 7);
insert into Copies VALUES(8, 1, 8);
insert into Copies VALUES(9, 0, 8);
insert into Copies VALUES(10, 1, 9);

insert into Studios VALUES(1, 'pixar animation studio');
insert into Studios VALUES(2, 'walt disney studio entertainment');
insert into Studios VALUES(3, 'fox 2000');
insert into Studios VALUES(4, 'mgm pictures');
insert into Studios VALUES(5, 'paramount classics');
insert into Studios VALUES(6, 'columbia pictures');
insert into Studios VALUES(7, 'focus feature');
insert into Studios VALUES(8, 'sony pictures classic');
insert into Studios VALUES(9, 'warner bros');
insert into Studios VALUES(10, 'hbo films');

insert into Produire VALUES(1, 1);
insert into Produire VALUES(2, 2);
insert into Produire VALUES(3, 3);
insert into Produire VALUES(4, 4);
insert into Produire VALUES(5, 5);
insert into Produire VALUES(6, 6);
insert into Produire VALUES(7, 6);
insert into Produire VALUES(8, 7);
insert into Produire VALUES(9, 8);
insert into Produire VALUES(10, 8);

insert into Countries VALUES('Belgique');
insert into Countries VALUES('France');
insert into Countries VALUES('Allemagne');
insert into Countries VALUES('Amérique');
insert into Countries VALUES('Pays-Bas');
insert into Countries VALUES('Suisse');
insert into Countries VALUES('Finlande');
insert into Countries VALUES('Japon');
insert into Countries VALUES('Chine');
insert into Countries VALUES('Russie');

insert into Participer VALUES('Belgique', 1);
insert into Participer VALUES('Belgique', 2);
insert into Participer VALUES('Belgique', 3);
insert into Participer VALUES('France', 4);
insert into Participer VALUES('France', 5);
insert into Participer VALUES('Suisse', 6);
insert into Participer VALUES('Finlande', 6);
insert into Participer VALUES('Japon', 6);
insert into Participer VALUES('Chine', 6);
insert into Participer VALUES('France', 6);

insert into Classifier VALUES('G', 1);
insert into Classifier VALUES('G', 2);
insert into Classifier VALUES('G', 3);
insert into Classifier VALUES('PG', 4);
insert into Classifier VALUES('PG', 5);
insert into Classifier VALUES('NR', 6);
insert into Classifier VALUES('XXX', 7);
insert into Classifier VALUES('TV-14', 8);
insert into Classifier VALUES('PG-13', 9);
insert into Classifier VALUES('PG-13', 10);

insert into Genres VALUES('Action');
insert into Genres VALUES('Adventure');
insert into Genres VALUES('Animation');
insert into Genres VALUES('Comedy');
insert into Genres VALUES('Crime');
insert into Genres VALUES('Disaster');
insert into Genres VALUES('Documentary');
insert into Genres VALUES('Drama');
insert into Genres VALUES('Eastern');
insert into Genres VALUES('Erotic');

insert into Appartenir VALUES('Action', 1);
insert into Appartenir VALUES('Adventure', 2);
insert into Appartenir VALUES('Animation', 3);
insert into Appartenir VALUES('Comedy', 4);
insert into Appartenir VALUES('Crime', 5);
insert into Appartenir VALUES('Disaster', 6);
insert into Appartenir VALUES('Documentary', 7);
insert into Appartenir VALUES('Drama', 8);
insert into Appartenir VALUES('Eastern', 9);
insert into Appartenir VALUES('Erotic', 10);

insert into Languages VALUES('Français');
insert into Languages VALUES('Arabe');
insert into Languages VALUES('Anglais');
insert into Languages VALUES('Allemand');
insert into Languages VALUES('Néérlandais');
insert into Languages VALUES('Grec');
insert into Languages VALUES('Protugais');
insert into Languages VALUES('Italien');
insert into Languages VALUES('Chinois');
insert into Languages VALUES('Japonais');

insert into Parler VALUES('Français', 1);
insert into Parler VALUES('Arabe', 2);
insert into Parler VALUES('Anglais', 3);
insert into Parler VALUES('Allemand', 4);
insert into Parler VALUES('Néérlandais', 5);
insert into Parler VALUES('Grec', 6);
insert into Parler VALUES('Protugais', 7);
insert into Parler VALUES('Italien', 8);
insert into Parler VALUES('Chinois', 9);
insert into Parler VALUES('Japonais', 10);

insert into Casts VALUES(1, 'Megan Fox');
insert into Casts VALUES(2, 'Bruce Willis');
insert into Casts VALUES(3, 'Will Smith');
insert into Casts VALUES(4, 'Rose McGowan');
insert into Casts VALUES(5, 'Jennifer Lopez');
insert into Casts VALUES(6, 'Jessica Alba');
insert into Casts VALUES(7, 'Holy Marie Combs');
insert into Casts VALUES(8, 'Jet Li');
insert into Casts VALUES(9, 'Courteney Cox');
insert into Casts VALUES(10, 'Alyssa Milano');

insert into Jouer VALUES(1, 'actor', 1, 'Tatiana');
insert into Jouer VALUES(2, 'director', 2, '');
insert into Jouer VALUES(3, 'director', 3, '');
insert into Jouer VALUES(4, 'director', 4, '');
insert into Jouer VALUES(5, 'actor', 5, 'Melissa');
insert into Jouer VALUES(6, 'director', 6, '');
insert into Jouer VALUES(7, 'actor', 7, 'Piper');
insert into Jouer VALUES(8, 'director', 8, '');
insert into Jouer VALUES(9, 'director', 9, '');
insert into Jouer VALUES(10, 'actor', 10, 'Phoebe');

insert into Gestionnaires VALUES('blabla', 'marionette');
insert into Gestionnaires VALUES('ouioui', 'taxi');
insert into Gestionnaires VALUES('bisounours', 'nounours');
insert into Gestionnaires VALUES('eragon', 'dragon');
insert into Gestionnaires VALUES('martin', 'ours');
insert into Gestionnaires VALUES('franklin', 'tortue');
insert into Gestionnaires VALUES('olive', 'tom');
insert into Gestionnaires VALUES('boule', 'bill');
insert into Gestionnaires VALUES('nemo', 'clown');
insert into Gestionnaires VALUES('dora', 'chipeur');

insert into Salle VALUES(1, 100);
insert into Salle VALUES(2, 200);
insert into Salle VALUES(3, 124);
insert into Salle VALUES(4, 057);
insert into Salle VALUES(5, 174);
insert into Salle VALUES(6, 157);
insert into Salle VALUES(7, 134);
insert into Salle VALUES(8, 174);
insert into Salle VALUES(9, 174);
insert into Salle VALUES(10, 111);

insert into Projection VALUES(sysdate+1, 1, 1);
insert into Projection VALUES(sysdate+1, 2, 2);
insert into Projection VALUES(sysdate+1, 3, 3);
insert into Projection VALUES(sysdate+1, 4, 4);
insert into Projection VALUES(sysdate+1, 5, 5);
insert into Projection VALUES(sysdate+1, 6, 6);
insert into Projection VALUES(sysdate+1, 7, 7);
insert into Projection VALUES(sysdate+1, 8, 8);
insert into Projection VALUES(sysdate+1, 9, 9);
insert into Projection VALUES(sysdate+1, 10, 10);

insert into Ecole VALUES(1, 'Lucie Dejardin');
insert into Ecole VALUES(2, 'Saint Martin');
insert into Ecole VALUES(3, 'Sainte Marie');
insert into Ecole VALUES(4, 'Ipes');
insert into Ecole VALUES(5, 'Inpres');
insert into Ecole VALUES(6, 'Air Pur');
insert into Ecole VALUES(7, 'René Leruth');
insert into Ecole VALUES(8, 'Leon Deleval');
insert into Ecole VALUES(9, 'Troque');
insert into Ecole VALUES(10, 'Saint Laurent');


insert into PasserCommande VALUES(1, sysdate, sysdate+1, 1, 4);
insert into PasserCommande VALUES(2, sysdate, sysdate+1, 2, 4);
insert into PasserCommande VALUES(3, sysdate, sysdate+1, 3, 4);
insert into PasserCommande VALUES(4, sysdate, sysdate+1, 4, 4);
insert into PasserCommande VALUES(5, sysdate, sysdate+1, 5, 4);
insert into PasserCommande VALUES(6, sysdate, sysdate+1, 6, 4);
insert into PasserCommande VALUES(7, sysdate, sysdate+1, 7, 4);
insert into PasserCommande VALUES(8, sysdate, sysdate+1, 8, 4);
insert into PasserCommande VALUES(9, sysdate, sysdate+1, 9, 4);
insert into PasserCommande VALUES(10, sysdate, sysdate+1, 10, 4);
